BEGIN TRANSACTION;
CREATE TABLE IF NOT EXISTS "GENDER" (
	"gender_num"	INTEGER NOT NULL UNIQUE,
	"gender_label"	TEXT NOT NULL UNIQUE,
	PRIMARY KEY("gender_num" AUTOINCREMENT)
);
CREATE TABLE IF NOT EXISTS "AGENT" (
	"agent_num"	TEXT NOT NULL UNIQUE,
	"agent_label"	TEXT NOT NULL,
	"agent_birth_date"	INTEGER NOT NULL,
	"agent_death_date"	INTEGER,
	"record_num"	TEXT NOT NULL,
	"species_num"	INTEGER NOT NULL,
	"gender_num"	INTEGER NOT NULL,
	FOREIGN KEY("gender_num") REFERENCES "GENDER"("gender_num"),
	FOREIGN KEY("species_num") REFERENCES "SPECIES"("species_num"),
	FOREIGN KEY("record_num") REFERENCES "RECORD"("record_num"),
	PRIMARY KEY("agent_num")
);
CREATE TABLE IF NOT EXISTS "AGENT_DATA" (
	"agent_data_time"	INTEGER NOT NULL,
	"agent_data_hydration_level"	REAL,
	"agent_data_hunger_level"	REAL,
	"agent_data_world_num"	TEXT NOT NULL,
	"agent_data_agent_num"	TEXT NOT NULL,
	"agent_data_pack_num"	TEXT,
	FOREIGN KEY("agent_data_agent_num") REFERENCES "AGENT"("agent_num"),
	FOREIGN KEY("agent_data_pack_num") REFERENCES "PACK"("pack_num"),
	FOREIGN KEY("agent_data_world_num") REFERENCES "WORLD"("world_num"),
	PRIMARY KEY("agent_data_time","agent_data_agent_num")
);
CREATE TABLE IF NOT EXISTS "PACK" (
	"pack_num"	TEXT NOT NULL UNIQUE,
	"pack_creation_time"	INTEGER NOT NULL,
	PRIMARY KEY("pack_num")
);
CREATE TABLE IF NOT EXISTS "WORLD" (
	"world_num"	TEXT NOT NULL UNIQUE,
	"world_temperature"	REAL NOT NULL,
	"world_humidity"	REAL NOT NULL,
	"world_wind_speed"	INTEGER NOT NULL,
	PRIMARY KEY("world_num")
);
CREATE TABLE IF NOT EXISTS "RECORD" (
	"record_num"	TEXT NOT NULL UNIQUE,
	"record_start_time"	REAL NOT NULL,
	"record_stop_time"	REAL NOT NULL,
	PRIMARY KEY("record_num")
);
CREATE TABLE IF NOT EXISTS "SPECIES" (
	"species_num"	INTEGER NOT NULL UNIQUE,
	"species_label"	TEXT NOT NULL UNIQUE,
	"parent_species_num"	INTEGER,
	"species_carcass_energy_contribution"	REAL,
	"species_max_water_needs"	REAL,
	"species_max_energy_needs"	REAL,
	"species_max_speed"	REAL,
	"species_gestation_period"	REAL,
	"species_maturity_age"	REAL,
	"species_max_age"	REAL,
	"species_digestion_time"	REAL,
	"species_prey_consumption_time"	REAL,
	"species_range"	REAL,
	"species_max_health"	REAL,
	"species_damage"	REAL,
	FOREIGN KEY("parent_species_num") REFERENCES "SPECIES"("species_num"),
	PRIMARY KEY("species_num")
);
CREATE TABLE IF NOT EXISTS "PREY_LIST" (
	"prey_num"	INTEGER NOT NULL UNIQUE,
	"prey_species_num"	INTEGER NOT NULL,
	"predator_species_num"	INTEGER NOT NULL,
	FOREIGN KEY("predator_species_num") REFERENCES "SPECIES"("species_num"),
	FOREIGN KEY("prey_species_num") REFERENCES "SPECIES"("species_num"),
	PRIMARY KEY("prey_num" AUTOINCREMENT)
);
INSERT INTO "GENDER" VALUES (1,'Mâle');
INSERT INTO "GENDER" VALUES (2,'Femelle');
INSERT INTO "AGENT" VALUES ('01b9a68c-4878-49e8-9635-1f039f471cd8','tortoise',0,NULL,'68a34c63-d7ac-48f5-8458-2f8a93819194',21,2);
INSERT INTO "AGENT" VALUES ('7f1f1603-d84d-421c-a743-c1ef45d02b6b','tortoise',0,NULL,'68a34c63-d7ac-48f5-8458-2f8a93819194',21,1);
INSERT INTO "AGENT" VALUES ('1bda15b6-a332-473e-b0f1-a5f398d83a3e','tortoise',0,NULL,'68a34c63-d7ac-48f5-8458-2f8a93819194',21,1);
INSERT INTO "AGENT" VALUES ('e6ec4267-1d9e-4a1d-bb19-a717b6d22a0e','tortoise',0,NULL,'68a34c63-d7ac-48f5-8458-2f8a93819194',21,2);
INSERT INTO "AGENT" VALUES ('8c454c24-f28a-4262-9b5d-ae4bfb061ac7','tortoise',0,NULL,'68a34c63-d7ac-48f5-8458-2f8a93819194',21,1);
INSERT INTO "AGENT" VALUES ('72110f20-d4c7-4dfb-ab15-b0d616431a0f','Racoon',0,NULL,'68a34c63-d7ac-48f5-8458-2f8a93819194',18,2);
INSERT INTO "AGENT" VALUES ('09f72c39-259f-4070-99da-7ea0c4cdcaad','Racoon',0,NULL,'68a34c63-d7ac-48f5-8458-2f8a93819194',18,1);
INSERT INTO "AGENT" VALUES ('0b3b8571-0afe-42ec-b761-7abd7f12f254','Racoon',0,NULL,'68a34c63-d7ac-48f5-8458-2f8a93819194',18,1);
INSERT INTO "AGENT" VALUES ('26b57d26-e7d8-4e6a-9f21-0093a53ec569','Racoon',0,NULL,'68a34c63-d7ac-48f5-8458-2f8a93819194',18,1);
INSERT INTO "AGENT" VALUES ('7741376d-ffa4-4ce5-9884-fbf546c58fe6','Racoon',0,NULL,'68a34c63-d7ac-48f5-8458-2f8a93819194',18,2);
INSERT INTO "AGENT" VALUES ('f147d296-7951-440e-a242-0668df5d1aee','Lizard',0,NULL,'68a34c63-d7ac-48f5-8458-2f8a93819194',14,2);
INSERT INTO "AGENT" VALUES ('fa691ab6-5207-4ee0-a1d0-cd8995391267','Lizard',0,NULL,'68a34c63-d7ac-48f5-8458-2f8a93819194',14,1);
INSERT INTO "AGENT" VALUES ('2349a769-b012-4d19-9a8d-c1f2b541f590','Lizard',0,NULL,'68a34c63-d7ac-48f5-8458-2f8a93819194',14,1);
INSERT INTO "AGENT" VALUES ('e00b7ce6-7fd1-4136-ab86-9bf8921a3341','Lizard',0,NULL,'68a34c63-d7ac-48f5-8458-2f8a93819194',14,2);
INSERT INTO "AGENT" VALUES ('abce4b18-6638-438d-8745-d8b1c4b7e82f','Lizard',0,NULL,'68a34c63-d7ac-48f5-8458-2f8a93819194',14,1);
INSERT INTO "AGENT" VALUES ('bed5750d-3a27-4710-93ee-da0e82a051c9','alligator',0,NULL,'68a34c63-d7ac-48f5-8458-2f8a93819194',11,1);
INSERT INTO "AGENT" VALUES ('84e29156-c321-47ac-a1cb-0f7cb3e61c2d','alligator',0,NULL,'68a34c63-d7ac-48f5-8458-2f8a93819194',11,1);
INSERT INTO "AGENT" VALUES ('520594ff-025c-4c45-b149-a2d1475af92f','alligator',0,NULL,'68a34c63-d7ac-48f5-8458-2f8a93819194',11,1);
INSERT INTO "AGENT" VALUES ('55408831-bb16-4dbb-8878-91fd74a95abc','alligator',0,NULL,'68a34c63-d7ac-48f5-8458-2f8a93819194',11,1);
INSERT INTO "AGENT" VALUES ('d203b586-4af5-49c4-8c1d-f27851157ec6','alligator',0,NULL,'68a34c63-d7ac-48f5-8458-2f8a93819194',11,1);
INSERT INTO "AGENT" VALUES ('e67213ac-5707-4460-a7e7-a427a9eeb538','Tiger',0,NULL,'68a34c63-d7ac-48f5-8458-2f8a93819194',20,2);
INSERT INTO "AGENT" VALUES ('e565e1ca-9dfa-4fc2-8a37-59017392dfbf','Tiger',0,NULL,'68a34c63-d7ac-48f5-8458-2f8a93819194',20,2);
INSERT INTO "AGENT" VALUES ('507ccc67-4d2b-41b2-94da-d729495ffac1','Tiger',0,NULL,'68a34c63-d7ac-48f5-8458-2f8a93819194',20,1);
INSERT INTO "AGENT" VALUES ('7a4f1249-e010-41d8-b364-4acabd1eb5c0','Tiger',0,NULL,'68a34c63-d7ac-48f5-8458-2f8a93819194',20,1);
INSERT INTO "AGENT" VALUES ('9a50fa9e-b53c-4172-bdd9-128229350b95','Tiger',0,NULL,'68a34c63-d7ac-48f5-8458-2f8a93819194',20,1);
INSERT INTO "AGENT" VALUES ('3230f49c-54fa-4ec0-9286-cadab9b3142c','Zebra',0,NULL,'68a34c63-d7ac-48f5-8458-2f8a93819194',23,1);
INSERT INTO "AGENT" VALUES ('8faba160-8ea4-4e06-8e62-b846377c2d44','Zebra',0,NULL,'68a34c63-d7ac-48f5-8458-2f8a93819194',23,1);
INSERT INTO "AGENT" VALUES ('1ae16025-134b-4338-9ea1-51caceb61cc8','Zebra',0,NULL,'68a34c63-d7ac-48f5-8458-2f8a93819194',23,2);
INSERT INTO "AGENT" VALUES ('e679767e-d32e-449f-8598-978fd6872003','Zebra',0,NULL,'68a34c63-d7ac-48f5-8458-2f8a93819194',23,1);
INSERT INTO "AGENT" VALUES ('31998a32-df58-4418-880a-5f4eb316394f','Zebra',0,NULL,'68a34c63-d7ac-48f5-8458-2f8a93819194',23,2);
INSERT INTO "AGENT" VALUES ('25a98317-8c81-45c4-9a5d-685595633d93','Rabbit',0,NULL,'68a34c63-d7ac-48f5-8458-2f8a93819194',17,1);
INSERT INTO "AGENT" VALUES ('fddf071b-94c7-4601-a14a-fd9326fdf047','Rabbit',0,NULL,'68a34c63-d7ac-48f5-8458-2f8a93819194',17,1);
INSERT INTO "AGENT" VALUES ('4e454f41-9aa0-4b55-99b5-e0256d427223','Rabbit',0,NULL,'68a34c63-d7ac-48f5-8458-2f8a93819194',17,2);
INSERT INTO "AGENT" VALUES ('9e4cf6ad-f157-4b11-a4ed-5b2c8d63481d','Rabbit',0,NULL,'68a34c63-d7ac-48f5-8458-2f8a93819194',17,1);
INSERT INTO "AGENT" VALUES ('d3777263-415b-4a58-8040-c5276b9d2e88','Rabbit',0,NULL,'68a34c63-d7ac-48f5-8458-2f8a93819194',17,1);
INSERT INTO "AGENT" VALUES ('7b7dadc3-37fe-4f0c-968d-8d0eb0488717','Snake',0,NULL,'68a34c63-d7ac-48f5-8458-2f8a93819194',19,2);
INSERT INTO "AGENT" VALUES ('3b70915c-9a85-45e8-9a86-11d084a66aee','Snake',0,NULL,'68a34c63-d7ac-48f5-8458-2f8a93819194',19,1);
INSERT INTO "AGENT" VALUES ('e3445d2f-3780-4618-beca-8803ab7a6f3a','Snake',0,NULL,'68a34c63-d7ac-48f5-8458-2f8a93819194',19,2);
INSERT INTO "AGENT" VALUES ('f659845a-00b6-4c54-a8b9-c7c650b3ccab','Snake',0,NULL,'68a34c63-d7ac-48f5-8458-2f8a93819194',19,2);
INSERT INTO "AGENT" VALUES ('1cd05801-f18b-4d14-8a7a-cbff17173000','Snake',0,NULL,'68a34c63-d7ac-48f5-8458-2f8a93819194',19,1);
INSERT INTO "AGENT" VALUES ('29da43f2-eaa8-49ba-9459-523210f0f830','Penguin',0,NULL,'68a34c63-d7ac-48f5-8458-2f8a93819194',16,2);
INSERT INTO "AGENT" VALUES ('22619f37-025a-4f93-b310-78277dcad9fb','Penguin',0,NULL,'68a34c63-d7ac-48f5-8458-2f8a93819194',16,2);
INSERT INTO "AGENT" VALUES ('2fbc3a98-36cd-4567-a752-7e69902db60c','Penguin',0,NULL,'68a34c63-d7ac-48f5-8458-2f8a93819194',16,1);
INSERT INTO "AGENT" VALUES ('2f39f199-65ba-4586-b2a6-d379b34095b9','Penguin',0,NULL,'68a34c63-d7ac-48f5-8458-2f8a93819194',16,1);
INSERT INTO "AGENT" VALUES ('ba51a178-8b9a-4997-aec1-215216f39865','Penguin',0,NULL,'68a34c63-d7ac-48f5-8458-2f8a93819194',16,2);
INSERT INTO "AGENT" VALUES ('d157ddc2-a368-49c6-978c-ac7d0585d5c5','Wolf2',0,NULL,'68a34c63-d7ac-48f5-8458-2f8a93819194',10,1);
INSERT INTO "AGENT" VALUES ('56a806a8-a108-48c3-bd89-2e034a06d078','Wolf2',0,NULL,'68a34c63-d7ac-48f5-8458-2f8a93819194',10,1);
INSERT INTO "AGENT" VALUES ('fe90d385-bfc6-4a03-9a9f-87264728951f','Wolf2',0,NULL,'68a34c63-d7ac-48f5-8458-2f8a93819194',10,1);
INSERT INTO "AGENT" VALUES ('a44b206f-e094-4122-b14e-c0b574249d41','Wolf2',0,NULL,'68a34c63-d7ac-48f5-8458-2f8a93819194',10,1);
INSERT INTO "AGENT" VALUES ('48ca99d3-1254-4de3-b0cb-f763dbdd01df','Wolf2',0,NULL,'68a34c63-d7ac-48f5-8458-2f8a93819194',10,1);
INSERT INTO "AGENT" VALUES ('96e355ac-0fd0-4111-916d-be32fc4d5425','Wolf2',0,NULL,'68a34c63-d7ac-48f5-8458-2f8a93819194',10,1);
INSERT INTO "AGENT" VALUES ('b9b09ca8-54ee-43a3-85b1-82fb889d9245','Wolf2',0,NULL,'68a34c63-d7ac-48f5-8458-2f8a93819194',10,2);
INSERT INTO "AGENT" VALUES ('941b21dc-f4fc-487e-8320-e69261e02480','Wolf2',0,NULL,'68a34c63-d7ac-48f5-8458-2f8a93819194',10,2);
INSERT INTO "AGENT" VALUES ('40c4cd9b-3a80-45da-9966-d4832eb85d24','Wolf2',0,NULL,'68a34c63-d7ac-48f5-8458-2f8a93819194',10,2);
INSERT INTO "AGENT" VALUES ('eb562e92-cac1-479f-b9ea-00ff68f63f25','Wolf2',0,NULL,'68a34c63-d7ac-48f5-8458-2f8a93819194',10,1);
INSERT INTO "AGENT_DATA" VALUES (0,0.0,0.0,'test','01b9a68c-4878-49e8-9635-1f039f471cd8',NULL);
INSERT INTO "AGENT_DATA" VALUES (0,0.0,0.0,'test','7f1f1603-d84d-421c-a743-c1ef45d02b6b',NULL);
INSERT INTO "AGENT_DATA" VALUES (0,0.0,0.0,'test','1bda15b6-a332-473e-b0f1-a5f398d83a3e',NULL);
INSERT INTO "AGENT_DATA" VALUES (0,0.0,0.0,'test','e6ec4267-1d9e-4a1d-bb19-a717b6d22a0e',NULL);
INSERT INTO "AGENT_DATA" VALUES (0,0.0,0.0,'test','8c454c24-f28a-4262-9b5d-ae4bfb061ac7',NULL);
INSERT INTO "AGENT_DATA" VALUES (0,0.0,0.0,'test','72110f20-d4c7-4dfb-ab15-b0d616431a0f',NULL);
INSERT INTO "AGENT_DATA" VALUES (0,0.0,0.0,'test','09f72c39-259f-4070-99da-7ea0c4cdcaad',NULL);
INSERT INTO "AGENT_DATA" VALUES (0,0.0,0.0,'test','0b3b8571-0afe-42ec-b761-7abd7f12f254',NULL);
INSERT INTO "AGENT_DATA" VALUES (0,0.0,0.0,'test','26b57d26-e7d8-4e6a-9f21-0093a53ec569',NULL);
INSERT INTO "AGENT_DATA" VALUES (0,0.0,0.0,'test','7741376d-ffa4-4ce5-9884-fbf546c58fe6',NULL);
INSERT INTO "AGENT_DATA" VALUES (0,0.0,0.0,'test','f147d296-7951-440e-a242-0668df5d1aee',NULL);
INSERT INTO "AGENT_DATA" VALUES (0,0.0,0.0,'test','fa691ab6-5207-4ee0-a1d0-cd8995391267',NULL);
INSERT INTO "AGENT_DATA" VALUES (0,0.0,0.0,'test','2349a769-b012-4d19-9a8d-c1f2b541f590',NULL);
INSERT INTO "AGENT_DATA" VALUES (0,0.0,0.0,'test','e00b7ce6-7fd1-4136-ab86-9bf8921a3341',NULL);
INSERT INTO "AGENT_DATA" VALUES (0,0.0,0.0,'test','abce4b18-6638-438d-8745-d8b1c4b7e82f',NULL);
INSERT INTO "AGENT_DATA" VALUES (0,0.0,0.0,'test','bed5750d-3a27-4710-93ee-da0e82a051c9',NULL);
INSERT INTO "AGENT_DATA" VALUES (0,0.0,0.0,'test','84e29156-c321-47ac-a1cb-0f7cb3e61c2d',NULL);
INSERT INTO "AGENT_DATA" VALUES (0,0.0,0.0,'test','520594ff-025c-4c45-b149-a2d1475af92f',NULL);
INSERT INTO "AGENT_DATA" VALUES (0,0.0,0.0,'test','55408831-bb16-4dbb-8878-91fd74a95abc',NULL);
INSERT INTO "AGENT_DATA" VALUES (0,0.0,0.0,'test','d203b586-4af5-49c4-8c1d-f27851157ec6',NULL);
INSERT INTO "AGENT_DATA" VALUES (0,0.0,0.0,'test','e67213ac-5707-4460-a7e7-a427a9eeb538',NULL);
INSERT INTO "AGENT_DATA" VALUES (0,0.0,0.0,'test','e565e1ca-9dfa-4fc2-8a37-59017392dfbf',NULL);
INSERT INTO "AGENT_DATA" VALUES (0,0.0,0.0,'test','507ccc67-4d2b-41b2-94da-d729495ffac1',NULL);
INSERT INTO "AGENT_DATA" VALUES (0,0.0,0.0,'test','7a4f1249-e010-41d8-b364-4acabd1eb5c0',NULL);
INSERT INTO "AGENT_DATA" VALUES (0,0.0,0.0,'test','9a50fa9e-b53c-4172-bdd9-128229350b95',NULL);
INSERT INTO "AGENT_DATA" VALUES (0,0.0,0.0,'test','3230f49c-54fa-4ec0-9286-cadab9b3142c',NULL);
INSERT INTO "AGENT_DATA" VALUES (0,0.0,0.0,'test','8faba160-8ea4-4e06-8e62-b846377c2d44',NULL);
INSERT INTO "AGENT_DATA" VALUES (0,0.0,0.0,'test','1ae16025-134b-4338-9ea1-51caceb61cc8',NULL);
INSERT INTO "AGENT_DATA" VALUES (0,0.0,0.0,'test','e679767e-d32e-449f-8598-978fd6872003',NULL);
INSERT INTO "AGENT_DATA" VALUES (0,0.0,0.0,'test','31998a32-df58-4418-880a-5f4eb316394f',NULL);
INSERT INTO "AGENT_DATA" VALUES (0,0.0,0.0,'test','25a98317-8c81-45c4-9a5d-685595633d93',NULL);
INSERT INTO "AGENT_DATA" VALUES (0,0.0,0.0,'test','fddf071b-94c7-4601-a14a-fd9326fdf047',NULL);
INSERT INTO "AGENT_DATA" VALUES (0,0.0,0.0,'test','4e454f41-9aa0-4b55-99b5-e0256d427223',NULL);
INSERT INTO "AGENT_DATA" VALUES (0,0.0,0.0,'test','9e4cf6ad-f157-4b11-a4ed-5b2c8d63481d',NULL);
INSERT INTO "AGENT_DATA" VALUES (0,0.0,0.0,'test','d3777263-415b-4a58-8040-c5276b9d2e88',NULL);
INSERT INTO "AGENT_DATA" VALUES (0,0.0,0.0,'test','7b7dadc3-37fe-4f0c-968d-8d0eb0488717',NULL);
INSERT INTO "AGENT_DATA" VALUES (0,0.0,0.0,'test','3b70915c-9a85-45e8-9a86-11d084a66aee',NULL);
INSERT INTO "AGENT_DATA" VALUES (0,0.0,0.0,'test','e3445d2f-3780-4618-beca-8803ab7a6f3a',NULL);
INSERT INTO "AGENT_DATA" VALUES (0,0.0,0.0,'test','f659845a-00b6-4c54-a8b9-c7c650b3ccab',NULL);
INSERT INTO "AGENT_DATA" VALUES (0,0.0,0.0,'test','1cd05801-f18b-4d14-8a7a-cbff17173000',NULL);
INSERT INTO "AGENT_DATA" VALUES (0,0.0,0.0,'test','29da43f2-eaa8-49ba-9459-523210f0f830',NULL);
INSERT INTO "AGENT_DATA" VALUES (0,0.0,0.0,'test','22619f37-025a-4f93-b310-78277dcad9fb',NULL);
INSERT INTO "AGENT_DATA" VALUES (0,0.0,0.0,'test','2fbc3a98-36cd-4567-a752-7e69902db60c',NULL);
INSERT INTO "AGENT_DATA" VALUES (0,0.0,0.0,'test','2f39f199-65ba-4586-b2a6-d379b34095b9',NULL);
INSERT INTO "AGENT_DATA" VALUES (0,0.0,0.0,'test','ba51a178-8b9a-4997-aec1-215216f39865',NULL);
INSERT INTO "AGENT_DATA" VALUES (0,0.0,0.0,'test','d157ddc2-a368-49c6-978c-ac7d0585d5c5',NULL);
INSERT INTO "AGENT_DATA" VALUES (0,0.0,0.0,'test','56a806a8-a108-48c3-bd89-2e034a06d078',NULL);
INSERT INTO "AGENT_DATA" VALUES (0,0.0,0.0,'test','fe90d385-bfc6-4a03-9a9f-87264728951f',NULL);
INSERT INTO "AGENT_DATA" VALUES (0,0.0,0.0,'test','a44b206f-e094-4122-b14e-c0b574249d41',NULL);
INSERT INTO "AGENT_DATA" VALUES (0,0.0,0.0,'test','48ca99d3-1254-4de3-b0cb-f763dbdd01df',NULL);
INSERT INTO "AGENT_DATA" VALUES (0,0.0,0.0,'test','96e355ac-0fd0-4111-916d-be32fc4d5425',NULL);
INSERT INTO "AGENT_DATA" VALUES (0,0.0,0.0,'test','b9b09ca8-54ee-43a3-85b1-82fb889d9245',NULL);
INSERT INTO "AGENT_DATA" VALUES (0,0.0,0.0,'test','941b21dc-f4fc-487e-8320-e69261e02480',NULL);
INSERT INTO "AGENT_DATA" VALUES (0,0.0,0.0,'test','40c4cd9b-3a80-45da-9966-d4832eb85d24',NULL);
INSERT INTO "AGENT_DATA" VALUES (0,0.0,0.0,'test','eb562e92-cac1-479f-b9ea-00ff68f63f25',NULL);
INSERT INTO "AGENT_DATA" VALUES (20,0.0,0.0,'test','01b9a68c-4878-49e8-9635-1f039f471cd8',NULL);
INSERT INTO "AGENT_DATA" VALUES (20,0.0,0.0,'test','7f1f1603-d84d-421c-a743-c1ef45d02b6b',NULL);
INSERT INTO "AGENT_DATA" VALUES (20,0.0,0.0,'test','1bda15b6-a332-473e-b0f1-a5f398d83a3e',NULL);
INSERT INTO "AGENT_DATA" VALUES (20,0.0,0.0,'test','e6ec4267-1d9e-4a1d-bb19-a717b6d22a0e',NULL);
INSERT INTO "AGENT_DATA" VALUES (20,0.0,0.0,'test','8c454c24-f28a-4262-9b5d-ae4bfb061ac7',NULL);
INSERT INTO "AGENT_DATA" VALUES (20,0.0,0.0,'test','72110f20-d4c7-4dfb-ab15-b0d616431a0f',NULL);
INSERT INTO "AGENT_DATA" VALUES (20,0.0,0.0,'test','09f72c39-259f-4070-99da-7ea0c4cdcaad',NULL);
INSERT INTO "AGENT_DATA" VALUES (20,0.0,0.0,'test','0b3b8571-0afe-42ec-b761-7abd7f12f254',NULL);
INSERT INTO "AGENT_DATA" VALUES (20,0.0,0.0,'test','26b57d26-e7d8-4e6a-9f21-0093a53ec569',NULL);
INSERT INTO "AGENT_DATA" VALUES (20,0.0,0.0,'test','7741376d-ffa4-4ce5-9884-fbf546c58fe6',NULL);
INSERT INTO "AGENT_DATA" VALUES (20,0.0,0.0,'test','f147d296-7951-440e-a242-0668df5d1aee',NULL);
INSERT INTO "AGENT_DATA" VALUES (20,0.0,0.0,'test','fa691ab6-5207-4ee0-a1d0-cd8995391267',NULL);
INSERT INTO "AGENT_DATA" VALUES (20,0.0,0.0,'test','2349a769-b012-4d19-9a8d-c1f2b541f590',NULL);
INSERT INTO "AGENT_DATA" VALUES (20,0.0,0.0,'test','e00b7ce6-7fd1-4136-ab86-9bf8921a3341',NULL);
INSERT INTO "AGENT_DATA" VALUES (20,0.0,0.0,'test','abce4b18-6638-438d-8745-d8b1c4b7e82f',NULL);
INSERT INTO "AGENT_DATA" VALUES (20,0.0,0.0,'test','bed5750d-3a27-4710-93ee-da0e82a051c9',NULL);
INSERT INTO "AGENT_DATA" VALUES (20,0.0,0.0,'test','84e29156-c321-47ac-a1cb-0f7cb3e61c2d',NULL);
INSERT INTO "AGENT_DATA" VALUES (20,0.0,0.0,'test','520594ff-025c-4c45-b149-a2d1475af92f',NULL);
INSERT INTO "AGENT_DATA" VALUES (20,0.0,0.0,'test','55408831-bb16-4dbb-8878-91fd74a95abc',NULL);
INSERT INTO "AGENT_DATA" VALUES (20,0.0,0.0,'test','d203b586-4af5-49c4-8c1d-f27851157ec6',NULL);
INSERT INTO "AGENT_DATA" VALUES (20,0.0,0.0,'test','e67213ac-5707-4460-a7e7-a427a9eeb538',NULL);
INSERT INTO "AGENT_DATA" VALUES (20,0.0,0.0,'test','e565e1ca-9dfa-4fc2-8a37-59017392dfbf',NULL);
INSERT INTO "AGENT_DATA" VALUES (20,0.0,0.0,'test','507ccc67-4d2b-41b2-94da-d729495ffac1',NULL);
INSERT INTO "AGENT_DATA" VALUES (20,0.0,0.0,'test','7a4f1249-e010-41d8-b364-4acabd1eb5c0',NULL);
INSERT INTO "AGENT_DATA" VALUES (20,0.0,0.0,'test','9a50fa9e-b53c-4172-bdd9-128229350b95',NULL);
INSERT INTO "AGENT_DATA" VALUES (20,0.0,0.0,'test','3230f49c-54fa-4ec0-9286-cadab9b3142c',NULL);
INSERT INTO "AGENT_DATA" VALUES (20,0.0,0.0,'test','8faba160-8ea4-4e06-8e62-b846377c2d44',NULL);
INSERT INTO "AGENT_DATA" VALUES (20,0.0,0.0,'test','1ae16025-134b-4338-9ea1-51caceb61cc8',NULL);
INSERT INTO "AGENT_DATA" VALUES (20,0.0,0.0,'test','e679767e-d32e-449f-8598-978fd6872003',NULL);
INSERT INTO "AGENT_DATA" VALUES (20,0.0,0.0,'test','31998a32-df58-4418-880a-5f4eb316394f',NULL);
INSERT INTO "AGENT_DATA" VALUES (20,0.0,0.0,'test','25a98317-8c81-45c4-9a5d-685595633d93',NULL);
INSERT INTO "AGENT_DATA" VALUES (20,0.0,0.0,'test','fddf071b-94c7-4601-a14a-fd9326fdf047',NULL);
INSERT INTO "AGENT_DATA" VALUES (20,0.0,0.0,'test','4e454f41-9aa0-4b55-99b5-e0256d427223',NULL);
INSERT INTO "AGENT_DATA" VALUES (20,0.0,0.0,'test','9e4cf6ad-f157-4b11-a4ed-5b2c8d63481d',NULL);
INSERT INTO "AGENT_DATA" VALUES (20,0.0,0.0,'test','d3777263-415b-4a58-8040-c5276b9d2e88',NULL);
INSERT INTO "AGENT_DATA" VALUES (20,0.0,0.0,'test','7b7dadc3-37fe-4f0c-968d-8d0eb0488717',NULL);
INSERT INTO "AGENT_DATA" VALUES (20,0.0,0.0,'test','3b70915c-9a85-45e8-9a86-11d084a66aee',NULL);
INSERT INTO "AGENT_DATA" VALUES (20,0.0,0.0,'test','e3445d2f-3780-4618-beca-8803ab7a6f3a',NULL);
INSERT INTO "AGENT_DATA" VALUES (20,0.0,0.0,'test','f659845a-00b6-4c54-a8b9-c7c650b3ccab',NULL);
INSERT INTO "AGENT_DATA" VALUES (20,0.0,0.0,'test','1cd05801-f18b-4d14-8a7a-cbff17173000',NULL);
INSERT INTO "AGENT_DATA" VALUES (20,0.0,0.0,'test','29da43f2-eaa8-49ba-9459-523210f0f830',NULL);
INSERT INTO "AGENT_DATA" VALUES (20,0.0,0.0,'test','22619f37-025a-4f93-b310-78277dcad9fb',NULL);
INSERT INTO "AGENT_DATA" VALUES (20,0.0,0.0,'test','2fbc3a98-36cd-4567-a752-7e69902db60c',NULL);
INSERT INTO "AGENT_DATA" VALUES (20,0.0,0.0,'test','2f39f199-65ba-4586-b2a6-d379b34095b9',NULL);
INSERT INTO "AGENT_DATA" VALUES (20,0.0,0.0,'test','ba51a178-8b9a-4997-aec1-215216f39865',NULL);
INSERT INTO "AGENT_DATA" VALUES (20,0.0,0.0,'test','d157ddc2-a368-49c6-978c-ac7d0585d5c5',NULL);
INSERT INTO "AGENT_DATA" VALUES (20,0.0,0.0,'test','56a806a8-a108-48c3-bd89-2e034a06d078',NULL);
INSERT INTO "AGENT_DATA" VALUES (20,0.0,0.0,'test','fe90d385-bfc6-4a03-9a9f-87264728951f',NULL);
INSERT INTO "AGENT_DATA" VALUES (20,0.0,0.0,'test','a44b206f-e094-4122-b14e-c0b574249d41',NULL);
INSERT INTO "AGENT_DATA" VALUES (20,0.0,0.0,'test','48ca99d3-1254-4de3-b0cb-f763dbdd01df',NULL);
INSERT INTO "AGENT_DATA" VALUES (20,0.0,0.0,'test','96e355ac-0fd0-4111-916d-be32fc4d5425',NULL);
INSERT INTO "AGENT_DATA" VALUES (20,0.0,0.0,'test','b9b09ca8-54ee-43a3-85b1-82fb889d9245',NULL);
INSERT INTO "AGENT_DATA" VALUES (20,0.0,0.0,'test','941b21dc-f4fc-487e-8320-e69261e02480',NULL);
INSERT INTO "AGENT_DATA" VALUES (20,0.0,0.0,'test','40c4cd9b-3a80-45da-9966-d4832eb85d24',NULL);
INSERT INTO "AGENT_DATA" VALUES (20,0.0,0.0,'test','eb562e92-cac1-479f-b9ea-00ff68f63f25',NULL);
INSERT INTO "AGENT_DATA" VALUES (40,0.0,0.0,'test','01b9a68c-4878-49e8-9635-1f039f471cd8',NULL);
INSERT INTO "AGENT_DATA" VALUES (40,0.0,0.0,'test','7f1f1603-d84d-421c-a743-c1ef45d02b6b',NULL);
INSERT INTO "AGENT_DATA" VALUES (40,0.0,0.0,'test','1bda15b6-a332-473e-b0f1-a5f398d83a3e',NULL);
INSERT INTO "AGENT_DATA" VALUES (40,0.0,0.0,'test','e6ec4267-1d9e-4a1d-bb19-a717b6d22a0e',NULL);
INSERT INTO "AGENT_DATA" VALUES (40,0.0,0.0,'test','8c454c24-f28a-4262-9b5d-ae4bfb061ac7',NULL);
INSERT INTO "AGENT_DATA" VALUES (40,0.0,0.0,'test','72110f20-d4c7-4dfb-ab15-b0d616431a0f',NULL);
INSERT INTO "AGENT_DATA" VALUES (40,0.0,0.0,'test','09f72c39-259f-4070-99da-7ea0c4cdcaad',NULL);
INSERT INTO "AGENT_DATA" VALUES (40,0.0,0.0,'test','0b3b8571-0afe-42ec-b761-7abd7f12f254',NULL);
INSERT INTO "AGENT_DATA" VALUES (40,0.0,0.0,'test','26b57d26-e7d8-4e6a-9f21-0093a53ec569',NULL);
INSERT INTO "AGENT_DATA" VALUES (40,0.0,0.0,'test','7741376d-ffa4-4ce5-9884-fbf546c58fe6',NULL);
INSERT INTO "AGENT_DATA" VALUES (40,0.0,0.0,'test','f147d296-7951-440e-a242-0668df5d1aee',NULL);
INSERT INTO "AGENT_DATA" VALUES (40,0.0,0.0,'test','fa691ab6-5207-4ee0-a1d0-cd8995391267',NULL);
INSERT INTO "AGENT_DATA" VALUES (40,0.0,0.0,'test','2349a769-b012-4d19-9a8d-c1f2b541f590',NULL);
INSERT INTO "AGENT_DATA" VALUES (40,0.0,0.0,'test','e00b7ce6-7fd1-4136-ab86-9bf8921a3341',NULL);
INSERT INTO "AGENT_DATA" VALUES (40,0.0,0.0,'test','abce4b18-6638-438d-8745-d8b1c4b7e82f',NULL);
INSERT INTO "AGENT_DATA" VALUES (40,0.0,0.0,'test','bed5750d-3a27-4710-93ee-da0e82a051c9',NULL);
INSERT INTO "AGENT_DATA" VALUES (40,0.0,0.0,'test','84e29156-c321-47ac-a1cb-0f7cb3e61c2d',NULL);
INSERT INTO "AGENT_DATA" VALUES (40,0.0,0.0,'test','520594ff-025c-4c45-b149-a2d1475af92f',NULL);
INSERT INTO "AGENT_DATA" VALUES (40,0.0,0.0,'test','55408831-bb16-4dbb-8878-91fd74a95abc',NULL);
INSERT INTO "AGENT_DATA" VALUES (40,0.0,0.0,'test','d203b586-4af5-49c4-8c1d-f27851157ec6',NULL);
INSERT INTO "AGENT_DATA" VALUES (40,0.0,0.0,'test','e67213ac-5707-4460-a7e7-a427a9eeb538',NULL);
INSERT INTO "AGENT_DATA" VALUES (40,0.0,0.0,'test','e565e1ca-9dfa-4fc2-8a37-59017392dfbf',NULL);
INSERT INTO "AGENT_DATA" VALUES (40,0.0,0.0,'test','507ccc67-4d2b-41b2-94da-d729495ffac1',NULL);
INSERT INTO "AGENT_DATA" VALUES (40,0.0,0.0,'test','7a4f1249-e010-41d8-b364-4acabd1eb5c0',NULL);
INSERT INTO "AGENT_DATA" VALUES (40,0.0,0.0,'test','9a50fa9e-b53c-4172-bdd9-128229350b95',NULL);
INSERT INTO "AGENT_DATA" VALUES (40,0.0,0.0,'test','3230f49c-54fa-4ec0-9286-cadab9b3142c',NULL);
INSERT INTO "AGENT_DATA" VALUES (40,0.0,0.0,'test','8faba160-8ea4-4e06-8e62-b846377c2d44',NULL);
INSERT INTO "AGENT_DATA" VALUES (40,0.0,0.0,'test','1ae16025-134b-4338-9ea1-51caceb61cc8',NULL);
INSERT INTO "AGENT_DATA" VALUES (40,0.0,0.0,'test','e679767e-d32e-449f-8598-978fd6872003',NULL);
INSERT INTO "AGENT_DATA" VALUES (40,0.0,0.0,'test','31998a32-df58-4418-880a-5f4eb316394f',NULL);
INSERT INTO "AGENT_DATA" VALUES (40,0.0,0.0,'test','25a98317-8c81-45c4-9a5d-685595633d93',NULL);
INSERT INTO "AGENT_DATA" VALUES (40,0.0,0.0,'test','fddf071b-94c7-4601-a14a-fd9326fdf047',NULL);
INSERT INTO "AGENT_DATA" VALUES (40,0.0,0.0,'test','4e454f41-9aa0-4b55-99b5-e0256d427223',NULL);
INSERT INTO "AGENT_DATA" VALUES (40,0.0,0.0,'test','9e4cf6ad-f157-4b11-a4ed-5b2c8d63481d',NULL);
INSERT INTO "AGENT_DATA" VALUES (40,0.0,0.0,'test','d3777263-415b-4a58-8040-c5276b9d2e88',NULL);
INSERT INTO "AGENT_DATA" VALUES (40,0.0,0.0,'test','7b7dadc3-37fe-4f0c-968d-8d0eb0488717',NULL);
INSERT INTO "AGENT_DATA" VALUES (40,0.0,0.0,'test','3b70915c-9a85-45e8-9a86-11d084a66aee',NULL);
INSERT INTO "AGENT_DATA" VALUES (40,0.0,0.0,'test','e3445d2f-3780-4618-beca-8803ab7a6f3a',NULL);
INSERT INTO "AGENT_DATA" VALUES (40,0.0,0.0,'test','f659845a-00b6-4c54-a8b9-c7c650b3ccab',NULL);
INSERT INTO "AGENT_DATA" VALUES (40,0.0,0.0,'test','1cd05801-f18b-4d14-8a7a-cbff17173000',NULL);
INSERT INTO "AGENT_DATA" VALUES (40,0.0,0.0,'test','29da43f2-eaa8-49ba-9459-523210f0f830',NULL);
INSERT INTO "AGENT_DATA" VALUES (40,0.0,0.0,'test','22619f37-025a-4f93-b310-78277dcad9fb',NULL);
INSERT INTO "AGENT_DATA" VALUES (40,0.0,0.0,'test','2fbc3a98-36cd-4567-a752-7e69902db60c',NULL);
INSERT INTO "AGENT_DATA" VALUES (40,0.0,0.0,'test','2f39f199-65ba-4586-b2a6-d379b34095b9',NULL);
INSERT INTO "AGENT_DATA" VALUES (40,0.0,0.0,'test','ba51a178-8b9a-4997-aec1-215216f39865',NULL);
INSERT INTO "AGENT_DATA" VALUES (40,0.0,0.0,'test','d157ddc2-a368-49c6-978c-ac7d0585d5c5',NULL);
INSERT INTO "AGENT_DATA" VALUES (40,0.0,0.0,'test','56a806a8-a108-48c3-bd89-2e034a06d078',NULL);
INSERT INTO "AGENT_DATA" VALUES (40,0.0,0.0,'test','fe90d385-bfc6-4a03-9a9f-87264728951f',NULL);
INSERT INTO "AGENT_DATA" VALUES (40,0.0,0.0,'test','a44b206f-e094-4122-b14e-c0b574249d41',NULL);
INSERT INTO "AGENT_DATA" VALUES (40,0.0,0.0,'test','48ca99d3-1254-4de3-b0cb-f763dbdd01df',NULL);
INSERT INTO "AGENT_DATA" VALUES (40,0.0,0.0,'test','96e355ac-0fd0-4111-916d-be32fc4d5425',NULL);
INSERT INTO "AGENT_DATA" VALUES (40,0.0,0.0,'test','b9b09ca8-54ee-43a3-85b1-82fb889d9245',NULL);
INSERT INTO "AGENT_DATA" VALUES (40,0.0,0.0,'test','941b21dc-f4fc-487e-8320-e69261e02480',NULL);
INSERT INTO "AGENT_DATA" VALUES (40,0.0,0.0,'test','40c4cd9b-3a80-45da-9966-d4832eb85d24',NULL);
INSERT INTO "AGENT_DATA" VALUES (40,0.0,0.0,'test','eb562e92-cac1-479f-b9ea-00ff68f63f25',NULL);
INSERT INTO "WORLD" VALUES ('test',15.0,0.8,25);
INSERT INTO "RECORD" VALUES ('68a34c63-d7ac-48f5-8458-2f8a93819194',0.0,40.0);
INSERT INTO "SPECIES" VALUES (1,'Mammifère',NULL,NULL,NULL,NULL,NULL,NULL,NULL,NULL,NULL,NULL,NULL,NULL,NULL);
INSERT INTO "SPECIES" VALUES (2,'Cervidés',1,NULL,NULL,NULL,NULL,NULL,NULL,NULL,NULL,NULL,NULL,NULL,NULL);
INSERT INTO "SPECIES" VALUES (3,'Cerf Élaphe',2,NULL,NULL,NULL,NULL,NULL,NULL,NULL,NULL,NULL,NULL,NULL,NULL);
INSERT INTO "SPECIES" VALUES (4,'Chevreuil',2,NULL,NULL,NULL,NULL,NULL,NULL,NULL,NULL,NULL,NULL,NULL,NULL);
INSERT INTO "SPECIES" VALUES (5,'Daim',2,NULL,NULL,NULL,NULL,NULL,NULL,NULL,NULL,NULL,NULL,NULL,NULL);
INSERT INTO "SPECIES" VALUES (6,'Renne',2,NULL,NULL,NULL,NULL,NULL,NULL,NULL,NULL,NULL,NULL,NULL,NULL);
INSERT INTO "SPECIES" VALUES (7,'Élan',2,NULL,NULL,NULL,NULL,NULL,NULL,NULL,NULL,NULL,NULL,NULL,NULL);
INSERT INTO "SPECIES" VALUES (8,'Canidés',1,NULL,NULL,NULL,NULL,NULL,NULL,NULL,NULL,NULL,NULL,NULL,NULL);
INSERT INTO "SPECIES" VALUES (9,'Loup',8,NULL,NULL,NULL,NULL,NULL,NULL,NULL,NULL,NULL,NULL,NULL,NULL);
INSERT INTO "SPECIES" VALUES (10,'Wolf2',8,120.0,100.0,100.0,120.0,70.0,270.0,13.0,1.0,0.01,1.0,250.0,50.0);
INSERT INTO "SPECIES" VALUES (11,'alligator',NULL,NULL,NULL,NULL,NULL,NULL,NULL,NULL,NULL,NULL,NULL,NULL,NULL);
INSERT INTO "SPECIES" VALUES (12,'Elephant2',1,NULL,NULL,NULL,NULL,NULL,NULL,NULL,NULL,NULL,NULL,NULL,NULL);
INSERT INTO "SPECIES" VALUES (13,'Iguana',NULL,NULL,NULL,NULL,NULL,NULL,NULL,NULL,NULL,NULL,NULL,NULL,NULL);
INSERT INTO "SPECIES" VALUES (14,'Lizard',NULL,NULL,NULL,NULL,NULL,NULL,NULL,NULL,NULL,NULL,NULL,NULL,NULL);
INSERT INTO "SPECIES" VALUES (15,'Panda',1,NULL,NULL,NULL,NULL,NULL,NULL,NULL,NULL,NULL,NULL,NULL,NULL);
INSERT INTO "SPECIES" VALUES (16,'Penguin',NULL,NULL,NULL,NULL,NULL,NULL,NULL,NULL,NULL,NULL,NULL,NULL,NULL);
INSERT INTO "SPECIES" VALUES (17,'Rabbit',1,NULL,NULL,NULL,NULL,NULL,NULL,NULL,NULL,NULL,NULL,NULL,NULL);
INSERT INTO "SPECIES" VALUES (18,'Racoon',NULL,NULL,NULL,NULL,NULL,NULL,NULL,NULL,NULL,NULL,NULL,NULL,NULL);
INSERT INTO "SPECIES" VALUES (19,'Snake',NULL,NULL,NULL,NULL,NULL,NULL,NULL,NULL,NULL,NULL,NULL,NULL,NULL);
INSERT INTO "SPECIES" VALUES (20,'Tiger',NULL,NULL,NULL,NULL,NULL,NULL,NULL,NULL,NULL,NULL,NULL,NULL,NULL);
INSERT INTO "SPECIES" VALUES (21,'tortoise',NULL,NULL,NULL,NULL,NULL,NULL,NULL,NULL,NULL,NULL,NULL,NULL,NULL);
INSERT INTO "SPECIES" VALUES (22,'wolf',8,NULL,NULL,NULL,NULL,NULL,NULL,NULL,NULL,NULL,NULL,NULL,NULL);
INSERT INTO "SPECIES" VALUES (23,'Zebra',NULL,NULL,NULL,NULL,NULL,NULL,NULL,NULL,NULL,NULL,NULL,NULL,NULL);
INSERT INTO "PREY_LIST" VALUES (1,17,10);
INSERT INTO "PREY_LIST" VALUES (2,19,10);
COMMIT;
